Name,ID,Next Hop
cat_image1.jpg,100,Router8
cat_image2.jpg,111,Router8
cat_image3.jpg,122,Router8
cat_image4.jpg,133,Router8
cat_image5.jpg,144,Router8
cat_image6.jpg,146,Router8
cat_image7.jpg,147,Router8
cat_image8.jpg,148,Router8
cat_image9.jpg,149,Router8
cat_image10.jpg,101,Router8
cat_image11.jpg,102,Router8
cat_image12.jpg,103,Router8
cat_image13.jpg,104,Router8
cat_image14.jpg,105,Router8
cat_image15.jpg,106,Router8
cat_image16.jpg,107,Router8
cat_image17.jpg,108,Router8
cat_image18.jpg,109,Router8
cat_image19.jpg,110,Router8
cat_image20.jpg,112,Router8
cat_image21.jpg,113,Router8
cat_image22.jpg,114,Router8
cat_image23.jpg,115,Router8
cat_image24.jpg,116,Router8
cat_image25.jpg,117,Router8
cat_image26.jpg,118,Router8
cat_image27.jpg,119,Router8
cat_image28.jpg,120,Router8
cat_image29.jpg,121,Router8
cat_image30.jpg,123,Router8
cat_image31.jpg,124,Router8
cat_image32.jpg,125,Router8
cat_image33.jpg,126,Router8
cat_image34.jpg,127,Router8
cat_image35.jpg,128,Router8
cat_image36.jpg,129,Router8
cat_image37.jpg,130,Router8
cat_image38.jpg,131,Router8
cat_image39.jpg,132,Router8
cat_image40.jpg,134,Router8
cat_image41.jpg,135,Router8
cat_image42.jpg,136,Router8
cat_image43.jpg,137,Router8
cat_image44.jpg,138,Router8
cat_image45.jpg,139,Router8
cat_image46.jpg,140,Router8
cat_image47.jpg,141,Router8
cat_image48.jpg,142,Router8
cat_image49.jpg,143,Router8
cat_image50.jpg,145,Router8
dog_image1.jpg,150,Router8
dog_image2.jpg,161,Router8
dog_image3.jpg,172,Router8
dog_image4.jpg,183,Router8
dog_image5.jpg,194,Router8
dog_image6.jpg,196,Router8
dog_image7.jpg,197,Router8
dog_image8.jpg,198,Router8
dog_image9.jpg,199,Router8
dog_image10.jpg,151,Router8
dog_image11.jpg,152,Router8
dog_image12.jpg,153,Router8
dog_image13.jpg,154,Router8
dog_image14.jpg,155,Router8
dog_image15.jpg,156,Router8
dog_image16.jpg,157,Router8
dog_image17.jpg,158,Router8
dog_image18.jpg,159,Router8
dog_image19.jpg,160,Router8
dog_image20.jpg,162,Router8
dog_image21.jpg,163,Router8
dog_image22.jpg,164,Router8
dog_image23.jpg,165,Router8
dog_image24.jpg,166,Router8
dog_image25.jpg,167,Router8
dog_image26.jpg,168,Router8
dog_image27.jpg,169,Router8
dog_image28.jpg,170,Router8
dog_image29.jpg,171,Router8
dog_image30.jpg,173,Router8
dog_image31.jpg,174,Router8
dog_image32.jpg,175,Router8
dog_image33.jpg,176,Router8
dog_image34.jpg,177,Router8
dog_image35.jpg,178,Router8
dog_image36.jpg,179,Router8
dog_image37.jpg,180,Router8
dog_image38.jpg,181,Router8
dog_image39.jpg,182,Router8
dog_image40.jpg,184,Router8
dog_image41.jpg,185,Router8
dog_image42.jpg,186,Router8
dog_image43.jpg,187,Router8
dog_image44.jpg,188,Router8
dog_image45.jpg,189,Router8
dog_image46.jpg,190,Router8
dog_image47.jpg,191,Router8
dog_image48.jpg,192,Router8
dog_image49.jpg,193,Router8
dog_image50.jpg,195,Router8
